----- Regiones  -------
Drop table p_region CASCADE CONSTRAINTS;
create table p_region   (
   idregion int NOT NULL,
   nomregion varchar2(50) NOT NULL,
   reg varchar2(5),
   CONSTRAINT pk_region PRIMARY KEY (idregion));

INSERT INTO P_REGION (idregion, nomregion, reg) VALUES (1,'Arica y Parinacota','XV');
INSERT INTO P_REGION (idregion, nomregion, reg) VALUES (2,'Tarapacá','I');
INSERT INTO P_REGION (idregion, nomregion, reg) VALUES (3,'Antofagasta','II');
INSERT INTO P_REGION (idregion, nomregion, reg) VALUES (4,'Atacama','III');
INSERT INTO P_REGION (idregion, nomregion, reg) VALUES (5,'Coquimbo','IV');
INSERT INTO P_REGION (idregion, nomregion, reg) VALUES (6,'Valparaiso','V');
INSERT INTO P_REGION (idregion, nomregion, reg) VALUES (7,'Metropolitana de Santiago','RM');
INSERT INTO P_REGION (idregion, nomregion, reg) VALUES (8,'Libertador General Bernardo OHiggins','VI');
INSERT INTO P_REGION (idregion, nomregion, reg) VALUES (9,'Maule','VII');
INSERT INTO P_REGION (idregion, nomregion, reg) VALUES (10,'Biobío','VIII');
INSERT INTO P_REGION (idregion, nomregion, reg) VALUES (11,'La Araucanía','IX');
INSERT INTO P_REGION (idregion, nomregion, reg) VALUES (12,'Los Ríos','XIV');
INSERT INTO P_REGION (idregion, nomregion, reg) VALUES (13,'Los Lagos','X');
INSERT INTO P_REGION (idregion, nomregion, reg) VALUES (14,'Aisén del General Carlos Ibáñez del Campo','XI');
INSERT INTO P_REGION (idregion, nomregion, reg) VALUES (15,'Magallanes y de la Antártica Chilena','XII');

-- Provincias -----
Drop table p_ciudad CASCADE CONSTRAINTS;
create table p_ciudad   (
   idciudad int NOT NULL,
   nomciudad varchar2(50) NOT NULL,
   idregion int NOT NULL,
   CONSTRAINT pk_ciudad PRIMARY KEY (idciudad),
   CONSTRAINT FK_ciudad_region FOREIGN KEY(idregion) REFERENCES P_Region(idregion)); 

INSERT INTO P_CIUDAD (IDCIUDAD, NOMCIUDAD, IDREGION) VALUES (1,'Arica',1);
INSERT INTO P_CIUDAD (IDCIUDAD, NOMCIUDAD, IDREGION) VALUES (2,'Parinacota',1);
INSERT INTO P_CIUDAD (IDCIUDAD, NOMCIUDAD, IDREGION) VALUES (3,'Iquique',2);
INSERT INTO P_CIUDAD (IDCIUDAD, NOMCIUDAD, IDREGION) VALUES (4,'El Tamarugal',2);
INSERT INTO P_CIUDAD (IDCIUDAD, NOMCIUDAD, IDREGION) VALUES (5,'Antofagasta',3);
INSERT INTO P_CIUDAD (IDCIUDAD, NOMCIUDAD, IDREGION) VALUES (6,'El Loa',3);
INSERT INTO P_CIUDAD (IDCIUDAD, NOMCIUDAD, IDREGION) VALUES (7,'Tocopilla',3);
INSERT INTO P_CIUDAD (IDCIUDAD, NOMCIUDAD, IDREGION) VALUES (8,'Chañaral',4);
INSERT INTO P_CIUDAD (IDCIUDAD, NOMCIUDAD, IDREGION) VALUES (9,'Copiapó',4);
INSERT INTO P_CIUDAD (IDCIUDAD, NOMCIUDAD, IDREGION) VALUES (10,'Huasco',4);
INSERT INTO P_CIUDAD (IDCIUDAD, NOMCIUDAD, IDREGION) VALUES (11,'Choapa',5);
INSERT INTO P_CIUDAD (IDCIUDAD, NOMCIUDAD, IDREGION) VALUES (12,'Elqui',5);
INSERT INTO P_CIUDAD (IDCIUDAD, NOMCIUDAD, IDREGION) VALUES (13,'Limarí',5);
INSERT INTO P_CIUDAD (IDCIUDAD, NOMCIUDAD, IDREGION) VALUES (14,'Isla de Pascua',6);
INSERT INTO P_CIUDAD (IDCIUDAD, NOMCIUDAD, IDREGION) VALUES (15,'Los Andes',6);
INSERT INTO P_CIUDAD (IDCIUDAD, NOMCIUDAD, IDREGION) VALUES (16,'Petorca',6);
INSERT INTO P_CIUDAD (IDCIUDAD, NOMCIUDAD, IDREGION) VALUES (17,'Quillota',6);
INSERT INTO P_CIUDAD (IDCIUDAD, NOMCIUDAD, IDREGION) VALUES (18,'San Antonio',6);
INSERT INTO P_CIUDAD (IDCIUDAD, NOMCIUDAD, IDREGION) VALUES (19,'San Felipe de Aconcagua',6);
INSERT INTO P_CIUDAD (IDCIUDAD, NOMCIUDAD, IDREGION) VALUES (20,'Valparaiso',6);
INSERT INTO P_CIUDAD (IDCIUDAD, NOMCIUDAD, IDREGION) VALUES (21,'Chacabuco',7);
INSERT INTO P_CIUDAD (IDCIUDAD, NOMCIUDAD, IDREGION) VALUES (22,'Cordillera',7);
INSERT INTO P_CIUDAD (IDCIUDAD, NOMCIUDAD, IDREGION) VALUES (23,'Maipo',7);
INSERT INTO P_CIUDAD (IDCIUDAD, NOMCIUDAD, IDREGION) VALUES (24,'Melipilla',7);
INSERT INTO P_CIUDAD (IDCIUDAD, NOMCIUDAD, IDREGION) VALUES (25,'Santiago',7);
INSERT INTO P_CIUDAD (IDCIUDAD, NOMCIUDAD, IDREGION) VALUES (26,'Talagante',7);
INSERT INTO P_CIUDAD (IDCIUDAD, NOMCIUDAD, IDREGION) VALUES (27,'Cachapoal',7);
INSERT INTO P_CIUDAD (IDCIUDAD, NOMCIUDAD, IDREGION) VALUES (28,'Cardenal Caro',8);
INSERT INTO P_CIUDAD (IDCIUDAD, NOMCIUDAD, IDREGION) VALUES (29,'Colchagua',8);
INSERT INTO P_CIUDAD (IDCIUDAD, NOMCIUDAD, IDREGION) VALUES (30,'Cauquenes',9);
INSERT INTO P_CIUDAD (IDCIUDAD, NOMCIUDAD, IDREGION) VALUES (31,'Curicó',9);
INSERT INTO P_CIUDAD (IDCIUDAD, NOMCIUDAD, IDREGION) VALUES (32,'Linares',9);
INSERT INTO P_CIUDAD (IDCIUDAD, NOMCIUDAD, IDREGION) VALUES (33,'Talca',9);
INSERT INTO P_CIUDAD (IDCIUDAD, NOMCIUDAD, IDREGION) VALUES (34,'Arauco',10);
INSERT INTO P_CIUDAD (IDCIUDAD, NOMCIUDAD, IDREGION) VALUES (35,'Bio Bío',10);
INSERT INTO P_CIUDAD (IDCIUDAD, NOMCIUDAD, IDREGION) VALUES (36,'Concepción',10);
INSERT INTO P_CIUDAD (IDCIUDAD, NOMCIUDAD, IDREGION) VALUES (37,'Ñuble',10);
INSERT INTO P_CIUDAD (IDCIUDAD, NOMCIUDAD, IDREGION) VALUES (38,'Cautín',11);
INSERT INTO P_CIUDAD (IDCIUDAD, NOMCIUDAD, IDREGION) VALUES (39,'Malleco',11);
INSERT INTO P_CIUDAD (IDCIUDAD, NOMCIUDAD, IDREGION) VALUES (40,'Valdivia',12);
INSERT INTO P_CIUDAD (IDCIUDAD, NOMCIUDAD, IDREGION) VALUES (41,'Ranco',12);
INSERT INTO P_CIUDAD (IDCIUDAD, NOMCIUDAD, IDREGION) VALUES (42,'Chiloé',13);
INSERT INTO P_CIUDAD (IDCIUDAD, NOMCIUDAD, IDREGION) VALUES (43,'Llanquihue',13);
INSERT INTO P_CIUDAD (IDCIUDAD, NOMCIUDAD, IDREGION) VALUES (44,'Osorno',13);
INSERT INTO P_CIUDAD (IDCIUDAD, NOMCIUDAD, IDREGION) VALUES (45,'Palena',13);
INSERT INTO P_CIUDAD (IDCIUDAD, NOMCIUDAD, IDREGION) VALUES (46,'Aisén',14);
INSERT INTO P_CIUDAD (IDCIUDAD, NOMCIUDAD, IDREGION) VALUES (47,'Capitán Prat',14);
INSERT INTO P_CIUDAD (IDCIUDAD, NOMCIUDAD, IDREGION) VALUES (48,'Coihaique',14);
INSERT INTO P_CIUDAD (IDCIUDAD, NOMCIUDAD, IDREGION) VALUES (49,'General Carrera',14);
INSERT INTO P_CIUDAD (IDCIUDAD, NOMCIUDAD, IDREGION) VALUES (50,'Antártica Chilena',15);
INSERT INTO P_CIUDAD (IDCIUDAD, NOMCIUDAD, IDREGION) VALUES (51,'Magallanes',15);
INSERT INTO P_CIUDAD (IDCIUDAD, NOMCIUDAD, IDREGION) VALUES (52,'Tierra del Fuego',15);
INSERT INTO P_CIUDAD (IDCIUDAD, NOMCIUDAD, IDREGION) VALUES (53,'Última Esperanza',15);

Drop table p_comunas CASCADE CONSTRAINTS;  
create table p_comunas   (
   idcomuna int NOT NULL,
   nomcomuna varchar2(50) NOT NULL,
   idciudad int NOT NULL,
   CONSTRAINT pk_comunas PRIMARY KEY (idcomuna),
   CONSTRAINT FK_comuna_ciudad FOREIGN KEY(idciudad) REFERENCES P_Ciudad(idciudad)); 
INSERT INTO P_COMUNAS (IDCOMUNA, NOMCOMUNA,IDCIUDAD) VALUES (1,'Arica',1);
INSERT INTO P_COMUNAS (IDCOMUNA, NOMCOMUNA,IDCIUDAD) VALUES (2,'Camarones',1);
INSERT INTO P_COMUNAS (IDCOMUNA, NOMCOMUNA,IDCIUDAD) VALUES (3,'General Lagos',2);
INSERT INTO P_COMUNAS (IDCOMUNA, NOMCOMUNA,IDCIUDAD) VALUES (4,'Putre',2);
INSERT INTO P_COMUNAS (IDCOMUNA, NOMCOMUNA,IDCIUDAD) VALUES (5,'Alto Hospicio',3);
INSERT INTO P_COMUNAS (IDCOMUNA, NOMCOMUNA,IDCIUDAD) VALUES (6,'Iquique',3);
INSERT INTO P_COMUNAS (IDCOMUNA, NOMCOMUNA,IDCIUDAD) VALUES (7,'Camiña',4);
INSERT INTO P_COMUNAS (IDCOMUNA, NOMCOMUNA,IDCIUDAD) VALUES (8,'Colchane',4);
INSERT INTO P_COMUNAS (IDCOMUNA, NOMCOMUNA,IDCIUDAD) VALUES (9,'Huara',4);
INSERT INTO P_COMUNAS (IDCOMUNA, NOMCOMUNA,IDCIUDAD) VALUES (10,'Pica',4);
INSERT INTO P_COMUNAS (IDCOMUNA, NOMCOMUNA,IDCIUDAD) VALUES (11,'Pozo Almonte',4);
INSERT INTO P_COMUNAS (IDCOMUNA, NOMCOMUNA,IDCIUDAD) VALUES (12,'Antofagasta',5);
INSERT INTO P_COMUNAS (IDCOMUNA, NOMCOMUNA,IDCIUDAD) VALUES (13,'Mejillones',5);
INSERT INTO P_COMUNAS (IDCOMUNA, NOMCOMUNA,IDCIUDAD) VALUES (14,'Sierra Gorda',5);
INSERT INTO P_COMUNAS (IDCOMUNA, NOMCOMUNA,IDCIUDAD) VALUES (15,'Taltal',5);
INSERT INTO P_COMUNAS (IDCOMUNA, NOMCOMUNA,IDCIUDAD) VALUES (16,'Calama',6);
INSERT INTO P_COMUNAS (IDCOMUNA, NOMCOMUNA,IDCIUDAD) VALUES (17,'Ollague',6);
INSERT INTO P_COMUNAS (IDCOMUNA, NOMCOMUNA,IDCIUDAD) VALUES (18,'San Pedro de Atacama',6);
INSERT INTO P_COMUNAS (IDCOMUNA, NOMCOMUNA,IDCIUDAD) VALUES (19,'María Elena',7);
INSERT INTO P_COMUNAS (IDCOMUNA, NOMCOMUNA,IDCIUDAD) VALUES (20,'Tocopilla',7);
INSERT INTO P_COMUNAS (IDCOMUNA, NOMCOMUNA,IDCIUDAD) VALUES (21,'Chañaral',8);
INSERT INTO P_COMUNAS (IDCOMUNA, NOMCOMUNA,IDCIUDAD) VALUES (22,'Diego de Almagro',8);
INSERT INTO P_COMUNAS (IDCOMUNA, NOMCOMUNA,IDCIUDAD) VALUES (23,'Caldera',9);
INSERT INTO P_COMUNAS (IDCOMUNA, NOMCOMUNA,IDCIUDAD) VALUES (24,'Copiapó',9);
INSERT INTO P_COMUNAS (IDCOMUNA, NOMCOMUNA,IDCIUDAD) VALUES (25,'Tierra Amarilla',9);
INSERT INTO P_COMUNAS (IDCOMUNA, NOMCOMUNA,IDCIUDAD) VALUES (26,'Alto del Carmen',10);
INSERT INTO P_COMUNAS (IDCOMUNA, NOMCOMUNA,IDCIUDAD) VALUES (27,'Freirina',10);
INSERT INTO P_COMUNAS (IDCOMUNA, NOMCOMUNA,IDCIUDAD) VALUES (28,'Huasco',10);
INSERT INTO P_COMUNAS (IDCOMUNA, NOMCOMUNA,IDCIUDAD) VALUES (29,'Vallenar',10);
INSERT INTO P_COMUNAS (IDCOMUNA, NOMCOMUNA,IDCIUDAD) VALUES (30,'Canela',11);
INSERT INTO P_COMUNAS (IDCOMUNA, NOMCOMUNA,IDCIUDAD) VALUES (31,'Illapel',11);
INSERT INTO P_COMUNAS (IDCOMUNA, NOMCOMUNA,IDCIUDAD) VALUES (32,'Los Vilos',11);
INSERT INTO P_COMUNAS (IDCOMUNA, NOMCOMUNA,IDCIUDAD) VALUES (33,'Salamanca',11);
INSERT INTO P_COMUNAS (IDCOMUNA, NOMCOMUNA,IDCIUDAD) VALUES (34,'Andacollo',12);
INSERT INTO P_COMUNAS (IDCOMUNA, NOMCOMUNA,IDCIUDAD) VALUES (35,'Coquimbo',12);
INSERT INTO P_COMUNAS (IDCOMUNA, NOMCOMUNA,IDCIUDAD) VALUES (36,'La Higuera',12);
INSERT INTO P_COMUNAS (IDCOMUNA, NOMCOMUNA,IDCIUDAD) VALUES (37,'La Serena',12);
INSERT INTO P_COMUNAS (IDCOMUNA, NOMCOMUNA,IDCIUDAD) VALUES (38,'Paihuaco',12);
INSERT INTO P_COMUNAS (IDCOMUNA, NOMCOMUNA,IDCIUDAD) VALUES (39,'Vicuña',12);
INSERT INTO P_COMUNAS (IDCOMUNA, NOMCOMUNA,IDCIUDAD) VALUES (40,'Combarbalá',13);
INSERT INTO P_COMUNAS (IDCOMUNA, NOMCOMUNA,IDCIUDAD) VALUES (41,'Monte Patria',13);
INSERT INTO P_COMUNAS (IDCOMUNA, NOMCOMUNA,IDCIUDAD) VALUES (42,'Ovalle',13);
INSERT INTO P_COMUNAS (IDCOMUNA, NOMCOMUNA,IDCIUDAD) VALUES (43,'Punitaqui',13);
INSERT INTO P_COMUNAS (IDCOMUNA, NOMCOMUNA,IDCIUDAD) VALUES (44,'Río Hurtado',13);
INSERT INTO P_COMUNAS (IDCOMUNA, NOMCOMUNA,IDCIUDAD) VALUES (45,'Isla de Pascua',14);
INSERT INTO P_COMUNAS (IDCOMUNA, NOMCOMUNA,IDCIUDAD) VALUES (46,'Calle Larga',15);
INSERT INTO P_COMUNAS (IDCOMUNA, NOMCOMUNA,IDCIUDAD) VALUES (47,'Los Andes',15);
INSERT INTO P_COMUNAS (IDCOMUNA, NOMCOMUNA,IDCIUDAD) VALUES (48,'Rinconada',15);
INSERT INTO P_COMUNAS (IDCOMUNA, NOMCOMUNA,IDCIUDAD) VALUES (49,'San Esteban',15);
INSERT INTO P_COMUNAS (IDCOMUNA, NOMCOMUNA,IDCIUDAD) VALUES (50,'La Ligua',16);
INSERT INTO P_COMUNAS (IDCOMUNA, NOMCOMUNA,IDCIUDAD) VALUES (51,'Papudo',16);
INSERT INTO P_COMUNAS (IDCOMUNA, NOMCOMUNA,IDCIUDAD) VALUES (52,'Petorca',16);
INSERT INTO P_COMUNAS (IDCOMUNA, NOMCOMUNA,IDCIUDAD) VALUES (53,'Zapallar',16);
INSERT INTO P_COMUNAS (IDCOMUNA, NOMCOMUNA,IDCIUDAD) VALUES (54,'Hijuelas',17);
INSERT INTO P_COMUNAS (IDCOMUNA, NOMCOMUNA,IDCIUDAD) VALUES (55,'La Calera',17);
INSERT INTO P_COMUNAS (IDCOMUNA, NOMCOMUNA,IDCIUDAD) VALUES (56,'La Cruz',17);
INSERT INTO P_COMUNAS (IDCOMUNA, NOMCOMUNA,IDCIUDAD) VALUES (57,'Limache',17);
INSERT INTO P_COMUNAS (IDCOMUNA, NOMCOMUNA,IDCIUDAD) VALUES (58,'Nogales',17);
INSERT INTO P_COMUNAS (IDCOMUNA, NOMCOMUNA,IDCIUDAD) VALUES (59,'Olmué',17);
INSERT INTO P_COMUNAS (IDCOMUNA, NOMCOMUNA,IDCIUDAD) VALUES (60,'Quillota',17);
INSERT INTO P_COMUNAS (IDCOMUNA, NOMCOMUNA,IDCIUDAD) VALUES (61,'Algarrobo',18);
INSERT INTO P_COMUNAS (IDCOMUNA, NOMCOMUNA,IDCIUDAD) VALUES (62,'Cartagena',18);
INSERT INTO P_COMUNAS (IDCOMUNA, NOMCOMUNA,IDCIUDAD) VALUES (63,'El Quisco',18);
INSERT INTO P_COMUNAS (IDCOMUNA, NOMCOMUNA,IDCIUDAD) VALUES (64,'El Tabo',18);
INSERT INTO P_COMUNAS (IDCOMUNA, NOMCOMUNA,IDCIUDAD) VALUES (65,'San Antonio',18);
INSERT INTO P_COMUNAS (IDCOMUNA, NOMCOMUNA,IDCIUDAD) VALUES (66,'Santo Domingo',18);
INSERT INTO P_COMUNAS (IDCOMUNA, NOMCOMUNA,IDCIUDAD) VALUES (67,'Catemu',19);
INSERT INTO P_COMUNAS (IDCOMUNA, NOMCOMUNA,IDCIUDAD) VALUES (68,'Llaillay',19);
INSERT INTO P_COMUNAS (IDCOMUNA, NOMCOMUNA,IDCIUDAD) VALUES (69,'Panquehue',19);
INSERT INTO P_COMUNAS (IDCOMUNA, NOMCOMUNA,IDCIUDAD) VALUES (70,'Putaendo',19);
INSERT INTO P_COMUNAS (IDCOMUNA, NOMCOMUNA,IDCIUDAD) VALUES (71,'San Felipe',19);
INSERT INTO P_COMUNAS (IDCOMUNA, NOMCOMUNA,IDCIUDAD) VALUES (72,'Santa María',19);
INSERT INTO P_COMUNAS (IDCOMUNA, NOMCOMUNA,IDCIUDAD) VALUES (73,'Casablanca',20);
INSERT INTO P_COMUNAS (IDCOMUNA, NOMCOMUNA,IDCIUDAD) VALUES (74,'Concón',20);
INSERT INTO P_COMUNAS (IDCOMUNA, NOMCOMUNA,IDCIUDAD) VALUES (75,'Juan Fernández',20);
INSERT INTO P_COMUNAS (IDCOMUNA, NOMCOMUNA,IDCIUDAD) VALUES (76,'Puchuncaví',20);
INSERT INTO P_COMUNAS (IDCOMUNA, NOMCOMUNA,IDCIUDAD) VALUES (77,'Quilpué',20);
INSERT INTO P_COMUNAS (IDCOMUNA, NOMCOMUNA,IDCIUDAD) VALUES (78,'Quintero',20);
INSERT INTO P_COMUNAS (IDCOMUNA, NOMCOMUNA,IDCIUDAD) VALUES (79,'Valparaíso',20);
INSERT INTO P_COMUNAS (IDCOMUNA, NOMCOMUNA,IDCIUDAD) VALUES (80,'Villa Alemana',20);
INSERT INTO P_COMUNAS (IDCOMUNA, NOMCOMUNA,IDCIUDAD) VALUES (81,'Viña del Mar',20);
INSERT INTO P_COMUNAS (IDCOMUNA, NOMCOMUNA,IDCIUDAD) VALUES (82,'Colina',21);
INSERT INTO P_COMUNAS (IDCOMUNA, NOMCOMUNA,IDCIUDAD) VALUES (83,'Lampa',21);
INSERT INTO P_COMUNAS (IDCOMUNA, NOMCOMUNA,IDCIUDAD) VALUES (84,'Tiltil',21);
INSERT INTO P_COMUNAS (IDCOMUNA, NOMCOMUNA,IDCIUDAD) VALUES (85,'Pirque',22);
INSERT INTO P_COMUNAS (IDCOMUNA, NOMCOMUNA,IDCIUDAD) VALUES (86,'Puente Alto',22);
INSERT INTO P_COMUNAS (IDCOMUNA, NOMCOMUNA,IDCIUDAD) VALUES (87,'San José de Maipo',22);
INSERT INTO P_COMUNAS (IDCOMUNA, NOMCOMUNA,IDCIUDAD) VALUES (88,'Buin',23);
INSERT INTO P_COMUNAS (IDCOMUNA, NOMCOMUNA,IDCIUDAD) VALUES (89,'Calera de Tango',23);
INSERT INTO P_COMUNAS (IDCOMUNA, NOMCOMUNA,IDCIUDAD) VALUES (90,'Paine',23);
INSERT INTO P_COMUNAS (IDCOMUNA, NOMCOMUNA,IDCIUDAD) VALUES (91,'San Bernardo',23);
INSERT INTO P_COMUNAS (IDCOMUNA, NOMCOMUNA,IDCIUDAD) VALUES (92,'Alhué',24);
INSERT INTO P_COMUNAS (IDCOMUNA, NOMCOMUNA,IDCIUDAD) VALUES (93,'Curacaví',24);
INSERT INTO P_COMUNAS (IDCOMUNA, NOMCOMUNA,IDCIUDAD) VALUES (94,'María Pinto',24);
INSERT INTO P_COMUNAS (IDCOMUNA, NOMCOMUNA,IDCIUDAD) VALUES (95,'Melipilla',24);
INSERT INTO P_COMUNAS (IDCOMUNA, NOMCOMUNA,IDCIUDAD) VALUES (96,'San Pedro',24);
INSERT INTO P_COMUNAS (IDCOMUNA, NOMCOMUNA,IDCIUDAD) VALUES (97,'Cerrillos',25);
INSERT INTO P_COMUNAS (IDCOMUNA, NOMCOMUNA,IDCIUDAD) VALUES (98,'Cerro Navia',25);
INSERT INTO P_COMUNAS (IDCOMUNA, NOMCOMUNA,IDCIUDAD) VALUES (99,'Conchalí',25);
INSERT INTO P_COMUNAS (IDCOMUNA, NOMCOMUNA,IDCIUDAD) VALUES (100,'El Bosque',25);
INSERT INTO P_COMUNAS (IDCOMUNA, NOMCOMUNA,IDCIUDAD) VALUES (101,'Estación Central',25);
INSERT INTO P_COMUNAS (IDCOMUNA, NOMCOMUNA,IDCIUDAD) VALUES (102,'Huechuraba',25);
INSERT INTO P_COMUNAS (IDCOMUNA, NOMCOMUNA,IDCIUDAD) VALUES (103,'Independencia',25);
INSERT INTO P_COMUNAS (IDCOMUNA, NOMCOMUNA,IDCIUDAD) VALUES (104,'La Cisterna',25);
INSERT INTO P_COMUNAS (IDCOMUNA, NOMCOMUNA,IDCIUDAD) VALUES (105,'La Granja',25);
INSERT INTO P_COMUNAS (IDCOMUNA, NOMCOMUNA,IDCIUDAD) VALUES (106,'La Florida',25);
INSERT INTO P_COMUNAS (IDCOMUNA, NOMCOMUNA,IDCIUDAD) VALUES (107,'La Pintana',25);
INSERT INTO P_COMUNAS (IDCOMUNA, NOMCOMUNA,IDCIUDAD) VALUES (108,'La Reina',25);
INSERT INTO P_COMUNAS (IDCOMUNA, NOMCOMUNA,IDCIUDAD) VALUES (109,'Las Condes',25);
INSERT INTO P_COMUNAS (IDCOMUNA, NOMCOMUNA,IDCIUDAD) VALUES (110,'Lo Barnechea',25);
INSERT INTO P_COMUNAS (IDCOMUNA, NOMCOMUNA,IDCIUDAD) VALUES (111,'Lo Espejo',25);
INSERT INTO P_COMUNAS (IDCOMUNA, NOMCOMUNA,IDCIUDAD) VALUES (112,'Lo Prado',25);
INSERT INTO P_COMUNAS (IDCOMUNA, NOMCOMUNA,IDCIUDAD) VALUES (113,'Macul',25);
INSERT INTO P_COMUNAS (IDCOMUNA, NOMCOMUNA,IDCIUDAD) VALUES (114,'Maipú',25);
INSERT INTO P_COMUNAS (IDCOMUNA, NOMCOMUNA,IDCIUDAD) VALUES (115,'Ñuñoa',25);
INSERT INTO P_COMUNAS (IDCOMUNA, NOMCOMUNA,IDCIUDAD) VALUES (116,'Pedro Aguirre Cerda',25);
INSERT INTO P_COMUNAS (IDCOMUNA, NOMCOMUNA,IDCIUDAD) VALUES (117,'Peñalolén',25);
INSERT INTO P_COMUNAS (IDCOMUNA, NOMCOMUNA,IDCIUDAD) VALUES (118,'Providencia',25);
INSERT INTO P_COMUNAS (IDCOMUNA, NOMCOMUNA,IDCIUDAD) VALUES (119,'Pudahuel',25);
INSERT INTO P_COMUNAS (IDCOMUNA, NOMCOMUNA,IDCIUDAD) VALUES (120,'Quilicura',25);
INSERT INTO P_COMUNAS (IDCOMUNA, NOMCOMUNA,IDCIUDAD) VALUES (121,'Quinta Normal',25);
INSERT INTO P_COMUNAS (IDCOMUNA, NOMCOMUNA,IDCIUDAD) VALUES (122,'Recoleta',25);
INSERT INTO P_COMUNAS (IDCOMUNA, NOMCOMUNA,IDCIUDAD) VALUES (123,'Renca',25);
INSERT INTO P_COMUNAS (IDCOMUNA, NOMCOMUNA,IDCIUDAD) VALUES (124,'San Miguel',25);
INSERT INTO P_COMUNAS (IDCOMUNA, NOMCOMUNA,IDCIUDAD) VALUES (125,'San Joaquín',25);
INSERT INTO P_COMUNAS (IDCOMUNA, NOMCOMUNA,IDCIUDAD) VALUES (126,'San Ramón',25);
INSERT INTO P_COMUNAS (IDCOMUNA, NOMCOMUNA,IDCIUDAD) VALUES (127,'Santiago',25);
INSERT INTO P_COMUNAS (IDCOMUNA, NOMCOMUNA,IDCIUDAD) VALUES (128,'Vitacura',25);
INSERT INTO P_COMUNAS (IDCOMUNA, NOMCOMUNA,IDCIUDAD) VALUES (129,'El Monte',26);
INSERT INTO P_COMUNAS (IDCOMUNA, NOMCOMUNA,IDCIUDAD) VALUES (130,'Isla de Maipo',26);
INSERT INTO P_COMUNAS (IDCOMUNA, NOMCOMUNA,IDCIUDAD) VALUES (131,'Padre Hurtado',26);
INSERT INTO P_COMUNAS (IDCOMUNA, NOMCOMUNA,IDCIUDAD) VALUES (132,'Peñaflor',26);
INSERT INTO P_COMUNAS (IDCOMUNA, NOMCOMUNA,IDCIUDAD) VALUES (133,'Talagante',26);
INSERT INTO P_COMUNAS (IDCOMUNA, NOMCOMUNA,IDCIUDAD) VALUES (134,'Codegua',27);
INSERT INTO P_COMUNAS (IDCOMUNA, NOMCOMUNA,IDCIUDAD) VALUES (135,'Coínco',27);
INSERT INTO P_COMUNAS (IDCOMUNA, NOMCOMUNA,IDCIUDAD) VALUES (136,'Coltauco',27);
INSERT INTO P_COMUNAS (IDCOMUNA, NOMCOMUNA,IDCIUDAD) VALUES (137,'Doñihue',27);
INSERT INTO P_COMUNAS (IDCOMUNA, NOMCOMUNA,IDCIUDAD) VALUES (138,'Graneros',27);
INSERT INTO P_COMUNAS (IDCOMUNA, NOMCOMUNA,IDCIUDAD) VALUES (139,'Las Cabras',27);
INSERT INTO P_COMUNAS (IDCOMUNA, NOMCOMUNA,IDCIUDAD) VALUES (140,'Machalí',27);
INSERT INTO P_COMUNAS (IDCOMUNA, NOMCOMUNA,IDCIUDAD) VALUES (141,'Malloa',27);
INSERT INTO P_COMUNAS (IDCOMUNA, NOMCOMUNA,IDCIUDAD) VALUES (142,'Mostazal',27);
INSERT INTO P_COMUNAS (IDCOMUNA, NOMCOMUNA,IDCIUDAD) VALUES (143,'Olivar',27);
INSERT INTO P_COMUNAS (IDCOMUNA, NOMCOMUNA,IDCIUDAD) VALUES (144,'Peumo',27);
INSERT INTO P_COMUNAS (IDCOMUNA, NOMCOMUNA,IDCIUDAD) VALUES (145,'Pichidegua',27);
INSERT INTO P_COMUNAS (IDCOMUNA, NOMCOMUNA,IDCIUDAD) VALUES (146,'Quinta de Tilcoco',27);
INSERT INTO P_COMUNAS (IDCOMUNA, NOMCOMUNA,IDCIUDAD) VALUES (147,'Rancagua',27);
INSERT INTO P_COMUNAS (IDCOMUNA, NOMCOMUNA,IDCIUDAD) VALUES (148,'Rengo',27);
INSERT INTO P_COMUNAS (IDCOMUNA, NOMCOMUNA,IDCIUDAD) VALUES (149,'Requínoa',27);
INSERT INTO P_COMUNAS (IDCOMUNA, NOMCOMUNA,IDCIUDAD) VALUES (150,'San Vicente de Tagua Tagua',27);
INSERT INTO P_COMUNAS (IDCOMUNA, NOMCOMUNA,IDCIUDAD) VALUES (151,'La Estrella',28);
INSERT INTO P_COMUNAS (IDCOMUNA, NOMCOMUNA,IDCIUDAD) VALUES (152,'Litueche',28);
INSERT INTO P_COMUNAS (IDCOMUNA, NOMCOMUNA,IDCIUDAD) VALUES (153,'Marchihue',28);
INSERT INTO P_COMUNAS (IDCOMUNA, NOMCOMUNA,IDCIUDAD) VALUES (154,'Navidad',28);
INSERT INTO P_COMUNAS (IDCOMUNA, NOMCOMUNA,IDCIUDAD) VALUES (155,'Peredones',28);
INSERT INTO P_COMUNAS (IDCOMUNA, NOMCOMUNA,IDCIUDAD) VALUES (156,'Pichilemu',28);
INSERT INTO P_COMUNAS (IDCOMUNA, NOMCOMUNA,IDCIUDAD) VALUES (157,'Chépica',29);
INSERT INTO P_COMUNAS (IDCOMUNA, NOMCOMUNA,IDCIUDAD) VALUES (158,'Chimbarongo',29);
INSERT INTO P_COMUNAS (IDCOMUNA, NOMCOMUNA,IDCIUDAD) VALUES (159,'Lolol',29);
INSERT INTO P_COMUNAS (IDCOMUNA, NOMCOMUNA,IDCIUDAD) VALUES (160,'Nancagua',29);
INSERT INTO P_COMUNAS (IDCOMUNA, NOMCOMUNA,IDCIUDAD) VALUES (161,'Palmilla',29);
INSERT INTO P_COMUNAS (IDCOMUNA, NOMCOMUNA,IDCIUDAD) VALUES (162,'Peralillo',29);
INSERT INTO P_COMUNAS (IDCOMUNA, NOMCOMUNA,IDCIUDAD) VALUES (163,'Placilla',29);
INSERT INTO P_COMUNAS (IDCOMUNA, NOMCOMUNA,IDCIUDAD) VALUES (164,'Pumanque',29);
INSERT INTO P_COMUNAS (IDCOMUNA, NOMCOMUNA,IDCIUDAD) VALUES (165,'San Fernando',29);
INSERT INTO P_COMUNAS (IDCOMUNA, NOMCOMUNA,IDCIUDAD) VALUES (166,'Santa Cruz',29);
INSERT INTO P_COMUNAS (IDCOMUNA, NOMCOMUNA,IDCIUDAD) VALUES (167,'Cauquenes',30);
INSERT INTO P_COMUNAS (IDCOMUNA, NOMCOMUNA,IDCIUDAD) VALUES (168,'Chanco',30);
INSERT INTO P_COMUNAS (IDCOMUNA, NOMCOMUNA,IDCIUDAD) VALUES (169,'Pelluhue',30);
INSERT INTO P_COMUNAS (IDCOMUNA, NOMCOMUNA,IDCIUDAD) VALUES (170,'Curicó',31);
INSERT INTO P_COMUNAS (IDCOMUNA, NOMCOMUNA,IDCIUDAD) VALUES (171,'Hualañé',31);
INSERT INTO P_COMUNAS (IDCOMUNA, NOMCOMUNA,IDCIUDAD) VALUES (172,'Licantén',31);
INSERT INTO P_COMUNAS (IDCOMUNA, NOMCOMUNA,IDCIUDAD) VALUES (173,'Molina',31);
INSERT INTO P_COMUNAS (IDCOMUNA, NOMCOMUNA,IDCIUDAD) VALUES (174,'Rauco',31);
INSERT INTO P_COMUNAS (IDCOMUNA, NOMCOMUNA,IDCIUDAD) VALUES (175,'Romeral',31);
INSERT INTO P_COMUNAS (IDCOMUNA, NOMCOMUNA,IDCIUDAD) VALUES (176,'Sagrada Familia',31);
INSERT INTO P_COMUNAS (IDCOMUNA, NOMCOMUNA,IDCIUDAD) VALUES (177,'Teno',31);
INSERT INTO P_COMUNAS (IDCOMUNA, NOMCOMUNA,IDCIUDAD) VALUES (178,'Vichuquén',31);
INSERT INTO P_COMUNAS (IDCOMUNA, NOMCOMUNA,IDCIUDAD) VALUES (179,'Colbún',32);
INSERT INTO P_COMUNAS (IDCOMUNA, NOMCOMUNA,IDCIUDAD) VALUES (180,'Linares',32);
INSERT INTO P_COMUNAS (IDCOMUNA, NOMCOMUNA,IDCIUDAD) VALUES (181,'Longaví',32);
INSERT INTO P_COMUNAS (IDCOMUNA, NOMCOMUNA,IDCIUDAD) VALUES (182,'Parral',32);
INSERT INTO P_COMUNAS (IDCOMUNA, NOMCOMUNA,IDCIUDAD) VALUES (183,'Retiro',32);
INSERT INTO P_COMUNAS (IDCOMUNA, NOMCOMUNA,IDCIUDAD) VALUES (184,'San Javier',32);
INSERT INTO P_COMUNAS (IDCOMUNA, NOMCOMUNA,IDCIUDAD) VALUES (185,'Villa Alegre',32);
INSERT INTO P_COMUNAS (IDCOMUNA, NOMCOMUNA,IDCIUDAD) VALUES (186,'Yerbas Buenas',32);
INSERT INTO P_COMUNAS (IDCOMUNA, NOMCOMUNA,IDCIUDAD) VALUES (187,'Constitución',33);
INSERT INTO P_COMUNAS (IDCOMUNA, NOMCOMUNA,IDCIUDAD) VALUES (188,'Curepto',33);
INSERT INTO P_COMUNAS (IDCOMUNA, NOMCOMUNA,IDCIUDAD) VALUES (189,'Empedrado',33);
INSERT INTO P_COMUNAS (IDCOMUNA, NOMCOMUNA,IDCIUDAD) VALUES (190,'Maule',33);
INSERT INTO P_COMUNAS (IDCOMUNA, NOMCOMUNA,IDCIUDAD) VALUES (191,'Pelarco',33);
INSERT INTO P_COMUNAS (IDCOMUNA, NOMCOMUNA,IDCIUDAD) VALUES (192,'Pencahue',33);
INSERT INTO P_COMUNAS (IDCOMUNA, NOMCOMUNA,IDCIUDAD) VALUES (193,'Río Claro',33);
INSERT INTO P_COMUNAS (IDCOMUNA, NOMCOMUNA,IDCIUDAD) VALUES (194,'San Clemente',33);
INSERT INTO P_COMUNAS (IDCOMUNA, NOMCOMUNA,IDCIUDAD) VALUES (195,'San Rafael',33);
INSERT INTO P_COMUNAS (IDCOMUNA, NOMCOMUNA,IDCIUDAD) VALUES (196,'Talca',33);
INSERT INTO P_COMUNAS (IDCOMUNA, NOMCOMUNA,IDCIUDAD) VALUES (197,'Arauco',34);
INSERT INTO P_COMUNAS (IDCOMUNA, NOMCOMUNA,IDCIUDAD) VALUES (198,'Cañete',34);
INSERT INTO P_COMUNAS (IDCOMUNA, NOMCOMUNA,IDCIUDAD) VALUES (199,'Contulmo',34);
INSERT INTO P_COMUNAS (IDCOMUNA, NOMCOMUNA,IDCIUDAD) VALUES (200,'Curanilahue',34);
INSERT INTO P_COMUNAS (IDCOMUNA, NOMCOMUNA,IDCIUDAD) VALUES (201,'Lebu',34);
INSERT INTO P_COMUNAS (IDCOMUNA, NOMCOMUNA,IDCIUDAD) VALUES (202,'Los Álamos',34);
INSERT INTO P_COMUNAS (IDCOMUNA, NOMCOMUNA,IDCIUDAD) VALUES (203,'Tirúa',34);
INSERT INTO P_COMUNAS (IDCOMUNA, NOMCOMUNA,IDCIUDAD) VALUES (204,'Alto Biobío',35);
INSERT INTO P_COMUNAS (IDCOMUNA, NOMCOMUNA,IDCIUDAD) VALUES (205,'Antuco',35);
INSERT INTO P_COMUNAS (IDCOMUNA, NOMCOMUNA,IDCIUDAD) VALUES (206,'Cabrero',35);
INSERT INTO P_COMUNAS (IDCOMUNA, NOMCOMUNA,IDCIUDAD) VALUES (207,'Laja',35);
INSERT INTO P_COMUNAS (IDCOMUNA, NOMCOMUNA,IDCIUDAD) VALUES (208,'Los Ángeles',35);
INSERT INTO P_COMUNAS (IDCOMUNA, NOMCOMUNA,IDCIUDAD) VALUES (209,'Mulchén',35);
INSERT INTO P_COMUNAS (IDCOMUNA, NOMCOMUNA,IDCIUDAD) VALUES (210,'Nacimiento',35);
INSERT INTO P_COMUNAS (IDCOMUNA, NOMCOMUNA,IDCIUDAD) VALUES (211,'Negrete',35);
INSERT INTO P_COMUNAS (IDCOMUNA, NOMCOMUNA,IDCIUDAD) VALUES (212,'Quilaco',35);
INSERT INTO P_COMUNAS (IDCOMUNA, NOMCOMUNA,IDCIUDAD) VALUES (213,'Quilleco',35);
INSERT INTO P_COMUNAS (IDCOMUNA, NOMCOMUNA,IDCIUDAD) VALUES (214,'San Rosendo',35);
INSERT INTO P_COMUNAS (IDCOMUNA, NOMCOMUNA,IDCIUDAD) VALUES (215,'Santa Bárbara',35);
INSERT INTO P_COMUNAS (IDCOMUNA, NOMCOMUNA,IDCIUDAD) VALUES (216,'Tucapel',35);
INSERT INTO P_COMUNAS (IDCOMUNA, NOMCOMUNA,IDCIUDAD) VALUES (217,'Yumbel',35);
INSERT INTO P_COMUNAS (IDCOMUNA, NOMCOMUNA,IDCIUDAD) VALUES (218,'Chiguayante',36);
INSERT INTO P_COMUNAS (IDCOMUNA, NOMCOMUNA,IDCIUDAD) VALUES (219,'Concepción',36);
INSERT INTO P_COMUNAS (IDCOMUNA, NOMCOMUNA,IDCIUDAD) VALUES (220,'Coronel',36);
INSERT INTO P_COMUNAS (IDCOMUNA, NOMCOMUNA,IDCIUDAD) VALUES (221,'Florida',36);
INSERT INTO P_COMUNAS (IDCOMUNA, NOMCOMUNA,IDCIUDAD) VALUES (222,'Hualpén',36);
INSERT INTO P_COMUNAS (IDCOMUNA, NOMCOMUNA,IDCIUDAD) VALUES (223,'Hualqui',36);
INSERT INTO P_COMUNAS (IDCOMUNA, NOMCOMUNA,IDCIUDAD) VALUES (224,'Lota',36);
INSERT INTO P_COMUNAS (IDCOMUNA, NOMCOMUNA,IDCIUDAD) VALUES (225,'Penco',36);
INSERT INTO P_COMUNAS (IDCOMUNA, NOMCOMUNA,IDCIUDAD) VALUES (226,'San Pedro de La Paz',36);
INSERT INTO P_COMUNAS (IDCOMUNA, NOMCOMUNA,IDCIUDAD) VALUES (227,'Santa Juana',36);
INSERT INTO P_COMUNAS (IDCOMUNA, NOMCOMUNA,IDCIUDAD) VALUES (228,'Talcahuano',36);
INSERT INTO P_COMUNAS (IDCOMUNA, NOMCOMUNA,IDCIUDAD) VALUES (229,'Tomé',36);
INSERT INTO P_COMUNAS (IDCOMUNA, NOMCOMUNA,IDCIUDAD) VALUES (230,'Bulnes',37);
INSERT INTO P_COMUNAS (IDCOMUNA, NOMCOMUNA,IDCIUDAD) VALUES (231,'Chillán',37);
INSERT INTO P_COMUNAS (IDCOMUNA, NOMCOMUNA,IDCIUDAD) VALUES (232,'Chillán Viejo',37);
INSERT INTO P_COMUNAS (IDCOMUNA, NOMCOMUNA,IDCIUDAD) VALUES (233,'Cobquecura',37);
INSERT INTO P_COMUNAS (IDCOMUNA, NOMCOMUNA,IDCIUDAD) VALUES (234,'Coelemu',37);
INSERT INTO P_COMUNAS (IDCOMUNA, NOMCOMUNA,IDCIUDAD) VALUES (235,'Coihueco',37);
INSERT INTO P_COMUNAS (IDCOMUNA, NOMCOMUNA,IDCIUDAD) VALUES (236,'El Carmen',37);
INSERT INTO P_COMUNAS (IDCOMUNA, NOMCOMUNA,IDCIUDAD) VALUES (237,'Ninhue',37);
INSERT INTO P_COMUNAS (IDCOMUNA, NOMCOMUNA,IDCIUDAD) VALUES (238,'Ñiquen',37);
INSERT INTO P_COMUNAS (IDCOMUNA, NOMCOMUNA,IDCIUDAD) VALUES (239,'Pemuco',37);
INSERT INTO P_COMUNAS (IDCOMUNA, NOMCOMUNA,IDCIUDAD) VALUES (240,'Pinto',37);
INSERT INTO P_COMUNAS (IDCOMUNA, NOMCOMUNA,IDCIUDAD) VALUES (241,'Portezuelo',37);
INSERT INTO P_COMUNAS (IDCOMUNA, NOMCOMUNA,IDCIUDAD) VALUES (242,'Quillón',37);
INSERT INTO P_COMUNAS (IDCOMUNA, NOMCOMUNA,IDCIUDAD) VALUES (243,'Quirihue',37);
INSERT INTO P_COMUNAS (IDCOMUNA, NOMCOMUNA,IDCIUDAD) VALUES (244,'Ránquil',37);
INSERT INTO P_COMUNAS (IDCOMUNA, NOMCOMUNA,IDCIUDAD) VALUES (245,'San Carlos',37);
INSERT INTO P_COMUNAS (IDCOMUNA, NOMCOMUNA,IDCIUDAD) VALUES (246,'San Fabián',37);
INSERT INTO P_COMUNAS (IDCOMUNA, NOMCOMUNA,IDCIUDAD) VALUES (247,'San Ignacio',37);
INSERT INTO P_COMUNAS (IDCOMUNA, NOMCOMUNA,IDCIUDAD) VALUES (248,'San Nicolás',37);
INSERT INTO P_COMUNAS (IDCOMUNA, NOMCOMUNA,IDCIUDAD) VALUES (249,'Treguaco',37);
INSERT INTO P_COMUNAS (IDCOMUNA, NOMCOMUNA,IDCIUDAD) VALUES (250,'Yungay',37);
INSERT INTO P_COMUNAS (IDCOMUNA, NOMCOMUNA,IDCIUDAD) VALUES (251,'Carahue',38);
INSERT INTO P_COMUNAS (IDCOMUNA, NOMCOMUNA,IDCIUDAD) VALUES (252,'Cholchol',38);
INSERT INTO P_COMUNAS (IDCOMUNA, NOMCOMUNA,IDCIUDAD) VALUES (253,'Cunco',38);
INSERT INTO P_COMUNAS (IDCOMUNA, NOMCOMUNA,IDCIUDAD) VALUES (254,'Curarrehue',38);
INSERT INTO P_COMUNAS (IDCOMUNA, NOMCOMUNA,IDCIUDAD) VALUES (255,'Freire',38);
INSERT INTO P_COMUNAS (IDCOMUNA, NOMCOMUNA,IDCIUDAD) VALUES (256,'Galvarino',38);
INSERT INTO P_COMUNAS (IDCOMUNA, NOMCOMUNA,IDCIUDAD) VALUES (257,'Gorbea',38);
INSERT INTO P_COMUNAS (IDCOMUNA, NOMCOMUNA,IDCIUDAD) VALUES (258,'Lautaro',38);
INSERT INTO P_COMUNAS (IDCOMUNA, NOMCOMUNA,IDCIUDAD) VALUES (259,'Loncoche',38);
INSERT INTO P_COMUNAS (IDCOMUNA, NOMCOMUNA,IDCIUDAD) VALUES (260,'Melipeuco',38);
INSERT INTO P_COMUNAS (IDCOMUNA, NOMCOMUNA,IDCIUDAD) VALUES (261,'Nueva Imperial',38);
INSERT INTO P_COMUNAS (IDCOMUNA, NOMCOMUNA,IDCIUDAD) VALUES (262,'Padre Las Casas',38);
INSERT INTO P_COMUNAS (IDCOMUNA, NOMCOMUNA,IDCIUDAD) VALUES (263,'Perquenco',38);
INSERT INTO P_COMUNAS (IDCOMUNA, NOMCOMUNA,IDCIUDAD) VALUES (264,'Pitrufquén',38);
INSERT INTO P_COMUNAS (IDCOMUNA, NOMCOMUNA,IDCIUDAD) VALUES (265,'Pucón',38);
INSERT INTO P_COMUNAS (IDCOMUNA, NOMCOMUNA,IDCIUDAD) VALUES (266,'Saavedra',38);
INSERT INTO P_COMUNAS (IDCOMUNA, NOMCOMUNA,IDCIUDAD) VALUES (267,'Temuco',38);
INSERT INTO P_COMUNAS (IDCOMUNA, NOMCOMUNA,IDCIUDAD) VALUES (268,'Teodoro Schmidt',38);
INSERT INTO P_COMUNAS (IDCOMUNA, NOMCOMUNA,IDCIUDAD) VALUES (269,'Toltén',38);
INSERT INTO P_COMUNAS (IDCOMUNA, NOMCOMUNA,IDCIUDAD) VALUES (270,'Vilcún',38);
INSERT INTO P_COMUNAS (IDCOMUNA, NOMCOMUNA,IDCIUDAD) VALUES (271,'Villarrica',38);
INSERT INTO P_COMUNAS (IDCOMUNA, NOMCOMUNA,IDCIUDAD) VALUES (272,'Angol',39);
INSERT INTO P_COMUNAS (IDCOMUNA, NOMCOMUNA,IDCIUDAD) VALUES (273,'Collipulli',39);
INSERT INTO P_COMUNAS (IDCOMUNA, NOMCOMUNA,IDCIUDAD) VALUES (274,'Curacautín',39);
INSERT INTO P_COMUNAS (IDCOMUNA, NOMCOMUNA,IDCIUDAD) VALUES (275,'Ercilla',39);
INSERT INTO P_COMUNAS (IDCOMUNA, NOMCOMUNA,IDCIUDAD) VALUES (276,'Lonquimay',39);
INSERT INTO P_COMUNAS (IDCOMUNA, NOMCOMUNA,IDCIUDAD) VALUES (277,'Los Sauces',39);
INSERT INTO P_COMUNAS (IDCOMUNA, NOMCOMUNA,IDCIUDAD) VALUES (278,'Lumaco',39);
INSERT INTO P_COMUNAS (IDCOMUNA, NOMCOMUNA,IDCIUDAD) VALUES (279,'Purén',39);
INSERT INTO P_COMUNAS (IDCOMUNA, NOMCOMUNA,IDCIUDAD) VALUES (280,'Renaico',39);
INSERT INTO P_COMUNAS (IDCOMUNA, NOMCOMUNA,IDCIUDAD) VALUES (281,'Traiguén',39);
INSERT INTO P_COMUNAS (IDCOMUNA, NOMCOMUNA,IDCIUDAD) VALUES (282,'Victoria',39);
INSERT INTO P_COMUNAS (IDCOMUNA, NOMCOMUNA,IDCIUDAD) VALUES (283,'Corral',40);
INSERT INTO P_COMUNAS (IDCOMUNA, NOMCOMUNA,IDCIUDAD) VALUES (284,'Lanco',40);
INSERT INTO P_COMUNAS (IDCOMUNA, NOMCOMUNA,IDCIUDAD) VALUES (285,'Los Lagos',40);
INSERT INTO P_COMUNAS (IDCOMUNA, NOMCOMUNA,IDCIUDAD) VALUES (286,'Máfil',40);
INSERT INTO P_COMUNAS (IDCOMUNA, NOMCOMUNA,IDCIUDAD) VALUES (287,'Mariquina',40);
INSERT INTO P_COMUNAS (IDCOMUNA, NOMCOMUNA,IDCIUDAD) VALUES (288,'Paillaco',40);
INSERT INTO P_COMUNAS (IDCOMUNA, NOMCOMUNA,IDCIUDAD) VALUES (289,'Panguipulli',40);
INSERT INTO P_COMUNAS (IDCOMUNA, NOMCOMUNA,IDCIUDAD) VALUES (290,'Valdivia',40);
INSERT INTO P_COMUNAS (IDCOMUNA, NOMCOMUNA,IDCIUDAD) VALUES (291,'Futrono',41);
INSERT INTO P_COMUNAS (IDCOMUNA, NOMCOMUNA,IDCIUDAD) VALUES (292,'La Unión',41);
INSERT INTO P_COMUNAS (IDCOMUNA, NOMCOMUNA,IDCIUDAD) VALUES (293,'Lago Ranco',41);
INSERT INTO P_COMUNAS (IDCOMUNA, NOMCOMUNA,IDCIUDAD) VALUES (294,'Río Bueno',41);
INSERT INTO P_COMUNAS (IDCOMUNA, NOMCOMUNA,IDCIUDAD) VALUES (295,'Ancud',42);
INSERT INTO P_COMUNAS (IDCOMUNA, NOMCOMUNA,IDCIUDAD) VALUES (296,'Castro',42);
INSERT INTO P_COMUNAS (IDCOMUNA, NOMCOMUNA,IDCIUDAD) VALUES (297,'Chonchi',42);
INSERT INTO P_COMUNAS (IDCOMUNA, NOMCOMUNA,IDCIUDAD) VALUES (298,'Curaco de Vélez',42);
INSERT INTO P_COMUNAS (IDCOMUNA, NOMCOMUNA,IDCIUDAD) VALUES (299,'Dalcahue',42);
INSERT INTO P_COMUNAS (IDCOMUNA, NOMCOMUNA,IDCIUDAD) VALUES (300,'Puqueldón',42);
INSERT INTO P_COMUNAS (IDCOMUNA, NOMCOMUNA,IDCIUDAD) VALUES (301,'Queilén',42);
INSERT INTO P_COMUNAS (IDCOMUNA, NOMCOMUNA,IDCIUDAD) VALUES (302,'Quemchi',42);
INSERT INTO P_COMUNAS (IDCOMUNA, NOMCOMUNA,IDCIUDAD) VALUES (303,'Quellón',42);
INSERT INTO P_COMUNAS (IDCOMUNA, NOMCOMUNA,IDCIUDAD) VALUES (304,'Quinchao',42);
INSERT INTO P_COMUNAS (IDCOMUNA, NOMCOMUNA,IDCIUDAD) VALUES (305,'Calbuco',43);
INSERT INTO P_COMUNAS (IDCOMUNA, NOMCOMUNA,IDCIUDAD) VALUES (306,'Cochamó',43);
INSERT INTO P_COMUNAS (IDCOMUNA, NOMCOMUNA,IDCIUDAD) VALUES (307,'Fresia',43);
INSERT INTO P_COMUNAS (IDCOMUNA, NOMCOMUNA,IDCIUDAD) VALUES (308,'Frutillar',43);
INSERT INTO P_COMUNAS (IDCOMUNA, NOMCOMUNA,IDCIUDAD) VALUES (309,'Llanquihue',43);
INSERT INTO P_COMUNAS (IDCOMUNA, NOMCOMUNA,IDCIUDAD) VALUES (310,'Los Muermos',43);
INSERT INTO P_COMUNAS (IDCOMUNA, NOMCOMUNA,IDCIUDAD) VALUES (311,'Maullín',43);
INSERT INTO P_COMUNAS (IDCOMUNA, NOMCOMUNA,IDCIUDAD) VALUES (312,'Puerto Montt',43);
INSERT INTO P_COMUNAS (IDCOMUNA, NOMCOMUNA,IDCIUDAD) VALUES (313,'Puerto Varas',43);
INSERT INTO P_COMUNAS (IDCOMUNA, NOMCOMUNA,IDCIUDAD) VALUES (314,'Osorno',44);
INSERT INTO P_COMUNAS (IDCOMUNA, NOMCOMUNA,IDCIUDAD) VALUES (315,'Puero Octay',44);
INSERT INTO P_COMUNAS (IDCOMUNA, NOMCOMUNA,IDCIUDAD) VALUES (316,'Purranque',44);
INSERT INTO P_COMUNAS (IDCOMUNA, NOMCOMUNA,IDCIUDAD) VALUES (317,'Puyehue',44);
INSERT INTO P_COMUNAS (IDCOMUNA, NOMCOMUNA,IDCIUDAD) VALUES (318,'Río Negro',44);
INSERT INTO P_COMUNAS (IDCOMUNA, NOMCOMUNA,IDCIUDAD) VALUES (319,'San Juan de la Costa',44);
INSERT INTO P_COMUNAS (IDCOMUNA, NOMCOMUNA,IDCIUDAD) VALUES (320,'San Pablo',44);
INSERT INTO P_COMUNAS (IDCOMUNA, NOMCOMUNA,IDCIUDAD) VALUES (321,'Chaitén',45);
INSERT INTO P_COMUNAS (IDCOMUNA, NOMCOMUNA,IDCIUDAD) VALUES (322,'Futaleufú',45);
INSERT INTO P_COMUNAS (IDCOMUNA, NOMCOMUNA,IDCIUDAD) VALUES (323,'Hualaihué',45);
INSERT INTO P_COMUNAS (IDCOMUNA, NOMCOMUNA,IDCIUDAD) VALUES (324,'Palena',45);
INSERT INTO P_COMUNAS (IDCOMUNA, NOMCOMUNA,IDCIUDAD) VALUES (325,'Aisén',46);
INSERT INTO P_COMUNAS (IDCOMUNA, NOMCOMUNA,IDCIUDAD) VALUES (326,'Cisnes',46);
INSERT INTO P_COMUNAS (IDCOMUNA, NOMCOMUNA,IDCIUDAD) VALUES (327,'Guaitecas',46);
INSERT INTO P_COMUNAS (IDCOMUNA, NOMCOMUNA,IDCIUDAD) VALUES (328,'Cochrane',47);
INSERT INTO P_COMUNAS (IDCOMUNA, NOMCOMUNA,IDCIUDAD) VALUES (329,'Ohiggins',47);
INSERT INTO P_COMUNAS (IDCOMUNA, NOMCOMUNA,IDCIUDAD) VALUES (330,'Tortel',47);
INSERT INTO P_COMUNAS (IDCOMUNA, NOMCOMUNA,IDCIUDAD) VALUES (331,'Coihaique',48);
INSERT INTO P_COMUNAS (IDCOMUNA, NOMCOMUNA,IDCIUDAD) VALUES (332,'Lago Verde',48);
INSERT INTO P_COMUNAS (IDCOMUNA, NOMCOMUNA,IDCIUDAD) VALUES (333,'Chile Chico',49);
INSERT INTO P_COMUNAS (IDCOMUNA, NOMCOMUNA,IDCIUDAD) VALUES (334,'Río Ibáñez',49);
INSERT INTO P_COMUNAS (IDCOMUNA, NOMCOMUNA,IDCIUDAD) VALUES (335,'Antártica',50);
INSERT INTO P_COMUNAS (IDCOMUNA, NOMCOMUNA,IDCIUDAD) VALUES (336,'Cabo de Hornos',50);
INSERT INTO P_COMUNAS (IDCOMUNA, NOMCOMUNA,IDCIUDAD) VALUES (337,'Laguna Blanca',51);
INSERT INTO P_COMUNAS (IDCOMUNA, NOMCOMUNA,IDCIUDAD) VALUES (338,'Punta Arenas',51);
INSERT INTO P_COMUNAS (IDCOMUNA, NOMCOMUNA,IDCIUDAD) VALUES (339,'Río Verde',51);
INSERT INTO P_COMUNAS (IDCOMUNA, NOMCOMUNA,IDCIUDAD) VALUES (340,'San Gregorio',51);
INSERT INTO P_COMUNAS (IDCOMUNA, NOMCOMUNA,IDCIUDAD) VALUES (341,'Porvenir',52);
INSERT INTO P_COMUNAS (IDCOMUNA, NOMCOMUNA,IDCIUDAD) VALUES (342,'Primavera',52);
INSERT INTO P_COMUNAS (IDCOMUNA, NOMCOMUNA,IDCIUDAD) VALUES (343,'Timaukel',52);
INSERT INTO P_COMUNAS (IDCOMUNA, NOMCOMUNA,IDCIUDAD) VALUES (344,'Natales',53);
INSERT INTO P_COMUNAS (IDCOMUNA, NOMCOMUNA,IDCIUDAD) VALUES (345,'Torres del Paine',53);

Drop table p_tipopropiedad CASCADE CONSTRAINTS;
create table p_tipopropiedad (
   tipopropiedad int NOT NULL,
   tipo varchar2(20) NOT NULL,
   CONSTRAINT pk_tipopropiedad PRIMARY KEY (tipopropiedad));

INSERT INTO P_TIPOPROPIEDAD (tipopropiedad, tipo) VALUES (1, 'Casa');  
INSERT INTO P_TIPOPROPIEDAD (tipopropiedad, tipo) VALUES (2, 'Departamento');  

Drop table p_Propiedades CASCADE CONSTRAINTS;
Create table p_Propiedades (
   idpropiedad int NOT NULL,
   idcomuna int NOT NULL,
   direccion varchar2(100) NOT NULL,
   tipopropiedad int NOT NULL, -- 1 cASA 2 dEPTO
   metros number(10) NOT NULL, 
   CONSTRAINT pk_propiedades PRIMARY KEY (idpropiedad),
   CONSTRAINT FK_propiedad_tipo FOREIGN KEY(tipopropiedad) REFERENCES P_tipopropiedad(tipopropiedad),
   CONSTRAINT FK_propiedad_com FOREIGN KEY(idcomuna) REFERENCES P_Comunas(idcomuna));
--alter table propiedade drop CONSTRAINT FK_propiedad_comuna
Insert into p_Propiedades (idpropiedad, idcomuna, direccion, tipopropiedad, metros) Values (1,102,'Calle de la Noria 4456',1,140);
Insert into p_Propiedades (idpropiedad, idcomuna, direccion, tipopropiedad, metros) Values (2,61,'Amazonas 1000',2,350);
Insert into p_Propiedades (idpropiedad, idcomuna, direccion, tipopropiedad, metros) Values (3,57,'Colón 55',1,400);
Insert into p_Propiedades (idpropiedad, idcomuna, direccion, tipopropiedad, metros) Values (4,109,'Avenida Las Condes 3000',2,80);
Insert into p_Propiedades (idpropiedad, idcomuna, direccion, tipopropiedad, metros) Values (5,109,'Avenida Las Condes 3000',2,100);
Insert into p_Propiedades (idpropiedad, idcomuna, direccion, tipopropiedad, metros) Values (6,109,'Avenida Las Condes 3000',2,160);
Insert into p_Propiedades (idpropiedad, idcomuna, direccion, tipopropiedad, metros) Values (7,109,'Avenida Las Condes 3000',2,180);
Insert into p_Propiedades (idpropiedad, idcomuna, direccion, tipopropiedad, metros) Values (8,109,'Avenida Las Condes 3000',2,50);
Insert into p_Propiedades (idpropiedad, idcomuna, direccion, tipopropiedad, metros) Values (9,109,'Avenida Las Condes 3000',2,100);
Insert into p_Propiedades (idpropiedad, idcomuna, direccion, tipopropiedad, metros) Values (10,109,'Avenida Las Condes 3000',2,140);

Drop table p_cliente CASCADE CONSTRAINTS;
create table p_cliente   (
   rut varchar2(12) NOT NULL,
   nomcliente varchar2(30) NOT NULL,
   appcliente varchar2(30) NOT NULL,
   correo varchar2(50) NOT NULL,
   celular varchar2(20) NOT NULL,
   CONSTRAINT pk_clientes PRIMARY KEY (rut));

INSERT INTO p_cliente (rut, nomcliente, appcliente, correo, celular) VALUES ('100-1', 'Pedro', 'Marques','pm@hotmail.com', '+56954652381');
INSERT INTO p_cliente (rut, nomcliente, appcliente, correo, celular) VALUES ('200-1', 'Maria', 'Maldonado','pm@hotmail.com', '+56954652381');
INSERT INTO p_cliente (rut, nomcliente, appcliente, correo, celular) VALUES ('300-1', 'Jose', 'Merino','pm@hotmail.com', '+56954652381');
INSERT INTO p_cliente (rut, nomcliente, appcliente, correo, celular) VALUES ('400-1', 'Will', 'Smith','pm@hotmail.com', '+56954652381');
INSERT INTO p_cliente (rut, nomcliente, appcliente, correo, celular) VALUES ('500-1', 'Monica', 'Perez','pm@hotmail.com', '+56954652381');
INSERT INTO p_cliente (rut, nomcliente, appcliente, correo, celular) VALUES ('600-1', 'Jaison', 'VanCura','pm@hotmail.com', '+56954652381');
INSERT INTO p_cliente (rut, nomcliente, appcliente, correo, celular) VALUES ('700-1', 'Wendy', 'Collier','pm@hotmail.com', '+56954652381');
INSERT INTO p_cliente (rut, nomcliente, appcliente, correo, celular) VALUES ('800-1', 'Mario', 'Collins','pm@hotmail.com', '+56954652381');
INSERT INTO p_cliente (rut, nomcliente, appcliente, correo, celular) VALUES ('900-1', 'Julio', 'Hurtado','pm@hotmail.com', '+56954652381');
INSERT INTO p_cliente (rut, nomcliente, appcliente, correo, celular) VALUES ('1000-1', 'Juan', 'Perez','pm@hotmail.com', '+56954652381');



Drop Table p_arriendoActual CASCADE CONSTRAINTS;
Create table p_arriendoActual (
   idpropiedad int NOT NULL,
   rut varchar2(12) NOT NULL,
   FechaContrato date NOT NULL,
   ValorArriendo number (12) NOT NULL,
   CONSTRAINT FK_arriendo FOREIGN KEY(idpropiedad) REFERENCES P_propiedades(idpropiedad),
   CONSTRAINT FK_arriendoCli FOREIGN KEY(rut) REFERENCES P_cliente(rut));
   

INSERT INTO p_arriendoActual (idpropiedad, Rut,FechaContrato, ValorArriendo ) VALUES (1, '100-1', Sysdate-365, 1500000);
INSERT INTO p_arriendoActual (idpropiedad, Rut,FechaContrato, ValorArriendo ) VALUES (2, '200-1', Sysdate-365, 500000);
INSERT INTO p_arriendoActual (idpropiedad, Rut,FechaContrato, ValorArriendo ) VALUES (3, '300-1', Sysdate-365, 300000);
INSERT INTO p_arriendoActual (idpropiedad, Rut,FechaContrato, ValorArriendo ) VALUES (4, '400-1', Sysdate-365, 800000);
INSERT INTO p_arriendoActual (idpropiedad, Rut,FechaContrato, ValorArriendo ) VALUES (5, '500-1', Sysdate-365, 900000);
INSERT INTO p_arriendoActual (idpropiedad, Rut,FechaContrato, ValorArriendo ) VALUES (6, '600-1', Sysdate-365, 1600000);
INSERT INTO p_arriendoActual (idpropiedad, Rut,FechaContrato, ValorArriendo ) VALUES (7, '700-1', Sysdate-365, 1400000);
INSERT INTO p_arriendoActual (idpropiedad, Rut,FechaContrato, ValorArriendo ) VALUES (8, '800-1', Sysdate-365, 700000);
INSERT INTO p_arriendoActual (idpropiedad, Rut,FechaContrato, ValorArriendo ) VALUES (9, '900-1', Sysdate-365, 280000);
INSERT INTO p_arriendoActual (idpropiedad, Rut,FechaContrato, ValorArriendo ) VALUES (10, '1000-1', Sysdate-365, 250000);

Drop Table p_arriendosIPC CASCADE CONSTRAINTS;
Create table p_arriendosIPC (
   idpropiedad int NOT NULL,
   FechaProceso date NOT NULL,
   rut varchar2(12) NOT NULL,
   ValorArriendoActual number(12) NOT NULL,
   Incremento number(12) NOT NULL,
   ValorArriendoNuevo number (12) NOT NULL,
   CONSTRAINT FK_arrIPC FOREIGN KEY(idpropiedad) REFERENCES P_propiedades(idpropiedad),
   CONSTRAINT FK_arrIPCCli FOREIGN KEY(rut) REFERENCES P_cliente(rut));
   
Drop Table p_Gastoscomunes CASCADE CONSTRAINTS;
Create table p_Gastoscomunes (
   idpropiedad int NOT NULL,
   FechaGastoComun date NOT NULL,
   Valorgastocomun number (12) NOT NULL,
   CONSTRAINT FK_GastoComun_Pro FOREIGN KEY(idpropiedad) REFERENCES P_propiedades(idpropiedad));

COMMIT;
